{
    "name": "root",
    "gauges": {
        "KartAgent.Policy.Entropy.mean": {
            "value": -0.9129601120948792,
            "min": -0.9141373634338379,
            "max": -0.9129601120948792,
            "count": 24
        },
        "KartAgent.Policy.Entropy.sum": {
            "value": -9213.59375,
            "min": -9282.98828125,
            "max": -1403.98876953125,
            "count": 24
        },
        "KartAgent.Step.mean": {
            "value": 48559938.0,
            "min": 48329953.0,
            "max": 48559938.0,
            "count": 24
        },
        "KartAgent.Step.sum": {
            "value": 48559938.0,
            "min": 48329953.0,
            "max": 48559938.0,
            "count": 24
        },
        "KartAgent.Policy.ExtrinsicValueEstimate.mean": {
            "value": 0.009656820446252823,
            "min": -0.04693083092570305,
            "max": 0.04258708655834198,
            "count": 24
        },
        "KartAgent.Policy.ExtrinsicValueEstimate.sum": {
            "value": 1.5933754444122314,
            "min": -7.602794647216797,
            "max": 7.154630661010742,
            "count": 24
        },
        "KartAgent.IsTraining.mean": {
            "value": 1.0,
            "min": 1.0,
            "max": 1.0,
            "count": 24
        },
        "KartAgent.IsTraining.sum": {
            "value": 1.0,
            "min": 1.0,
            "max": 1.0,
            "count": 24
        },
        "KartAgent.Losses.PolicyLoss.mean": {
            "value": 0.28019832096761094,
            "min": 0.25746035151144797,
            "max": 0.33777540558561064,
            "count": 23
        },
        "KartAgent.Losses.PolicyLoss.sum": {
            "value": 1.4009916048380546,
            "min": 1.1749760994959313,
            "max": 1.8238163821715003,
            "count": 23
        },
        "KartAgent.Losses.ValueLoss.mean": {
            "value": 0.0007191789000292677,
            "min": 0.0006888804120847578,
            "max": 0.0015636840763666748,
            "count": 23
        },
        "KartAgent.Losses.ValueLoss.sum": {
            "value": 0.0035958945001463385,
            "min": 0.0031193091049317445,
            "max": 0.007818420381833373,
            "count": 23
        },
        "KartAgent.Policy.LearningRate.mean": {
            "value": 8.6701319099884e-06,
            "min": 8.6701319099884e-06,
            "max": 9.986965871043594e-06,
            "count": 23
        },
        "KartAgent.Policy.LearningRate.sum": {
            "value": 4.3350659549942e-05,
            "min": 3.8038497320630035e-05,
            "max": 5.741696886120401e-05,
            "count": 23
        },
        "KartAgent.Policy.Epsilon.mean": {
            "value": 0.1028900116,
            "min": 0.1028900116,
            "max": 0.10332895639999999,
            "count": 23
        },
        "KartAgent.Policy.Epsilon.sum": {
            "value": 0.514450058,
            "min": 0.41267937000000005,
            "max": 0.6191387960000001,
            "count": 23
        },
        "KartAgent.Policy.Beta.mean": {
            "value": 0.00015421157883999998,
            "min": 0.00015421157883999998,
            "max": 0.00017611492435999992,
            "count": 23
        },
        "KartAgent.Policy.Beta.sum": {
            "value": 0.0007710578942,
            "min": 0.0006727005630000007,
            "max": 0.0010150259204000003,
            "count": 23
        },
        "KartAgent.Environment.EpisodeLength.mean": {
            "value": 664.1333333333333,
            "min": 655.5,
            "max": 753.25,
            "count": 23
        },
        "KartAgent.Environment.EpisodeLength.sum": {
            "value": 9962.0,
            "min": 7866.0,
            "max": 15419.0,
            "count": 23
        },
        "KartAgent.Environment.CumulativeReward.mean": {
            "value": -0.1779429666697979,
            "min": -0.6603929997266581,
            "max": -0.15490767463822575,
            "count": 23
        },
        "KartAgent.Environment.CumulativeReward.sum": {
            "value": -2.6691445000469685,
            "min": -7.924715996719897,
            "max": -1.9517155368812382,
            "count": 23
        },
        "KartAgent.Policy.ExtrinsicReward.mean": {
            "value": -0.1779429666697979,
            "min": -0.6603929997266581,
            "max": -0.15490767463822575,
            "count": 23
        },
        "KartAgent.Policy.ExtrinsicReward.sum": {
            "value": -2.6691445000469685,
            "min": -7.924715996719897,
            "max": -1.9517155368812382,
            "count": 23
        }
    },
    "metadata": {
        "timer_format_version": "0.1.0",
        "start_time_seconds": "1654616459",
        "python_version": "3.8.10 (tags/v3.8.10:3d8993a, May  3 2021, 11:48:03) [MSC v.1928 64 bit (AMD64)]",
        "command_line_arguments": "D:\\SEMESTER 6\\AKADEMIK\\GAME CERDAS\\TUGAS\\PROJEK FP\\AI-Racing-Karts-main\\venv\\Scripts\\mlagents-learn config_train.yaml --run-id=BiggerTrackWall --resume",
        "mlagents_version": "0.29.0",
        "mlagents_envs_version": "0.29.0",
        "communication_protocol_version": "1.5.0",
        "pytorch_version": "1.11.0+cpu",
        "numpy_version": "1.21.2",
        "end_time_seconds": "1654617190"
    },
    "total": 731.3759975,
    "count": 1,
    "self": 0.00776660000008178,
    "children": {
        "run_training.setup": {
            "total": 0.1865074,
            "count": 1,
            "self": 0.1865074
        },
        "TrainerController.start_learning": {
            "total": 731.1817235,
            "count": 1,
            "self": 0.6199705999997605,
            "children": {
                "TrainerController._reset_env": {
                    "total": 10.2934981,
                    "count": 1,
                    "self": 10.2934981
                },
                "TrainerController.advance": {
                    "total": 720.1066094000003,
                    "count": 19975,
                    "self": 0.5888910000046508,
                    "children": {
                        "env_step": {
                            "total": 362.8425794999989,
                            "count": 19975,
                            "self": 328.8896759999986,
                            "children": {
                                "SubprocessEnvManager._take_step": {
                                    "total": 33.552990700000024,
                                    "count": 19975,
                                    "self": 2.597487500005606,
                                    "children": {
                                        "TorchPolicy.evaluate": {
                                            "total": 30.955503199994418,
                                            "count": 19711,
                                            "self": 5.345458099993863,
                                            "children": {
                                                "TorchPolicy.sample_actions": {
                                                    "total": 25.610045100000555,
                                                    "count": 19711,
                                                    "self": 25.610045100000555
                                                }
                                            }
                                        }
                                    }
                                },
                                "workers": {
                                    "total": 0.39991280000030116,
                                    "count": 19974,
                                    "self": 0.0,
                                    "children": {
                                        "worker_root": {
                                            "total": 711.7940946000006,
                                            "count": 19974,