{
    "name": "root",
    "gauges": {
        "KartAgent.Policy.Entropy.mean": {
            "value": -0.5842803716659546,
            "min": -0.5975414514541626,
            "max": -0.21072305738925934,
            "count": 742
        },
        "KartAgent.Policy.Entropy.sum": {
            "value": -5875.5234375,
            "min": -6047.3974609375,
            "max": -1618.35302734375,
            "count": 742
        },
        "KartAgent.Step.mean": {
            "value": 31569951.0,
            "min": 24159966.0,
            "max": 31569951.0,
            "count": 742
        },
        "KartAgent.Step.sum": {
            "value": 31569951.0,
            "min": 24159966.0,
            "max": 31569951.0,
            "count": 742
        },
        "KartAgent.Policy.ExtrinsicValueEstimate.mean": {
            "value": 0.009830269031226635,
            "min": -0.15884701907634735,
            "max": 0.05947021767497063,
            "count": 742
        },
        "KartAgent.Policy.ExtrinsicValueEstimate.sum": {
            "value": 1.602333903312683,
            "min": -18.585102081298828,
            "max": 9.812585830688477,
            "count": 742
        },
        "KartAgent.Losses.PolicyLoss.mean": {
            "value": 0.2273685745834276,
            "min": 0.18288503176881932,
            "max": 0.3353717977491518,
            "count": 742
        },
        "KartAgent.Losses.PolicyLoss.sum": {
            "value": 0.9094742983337104,
            "min": 0.6107884899592373,
            "max": 1.6508148847292266,
            "count": 742
        },
        "KartAgent.Losses.ValueLoss.mean": {
            "value": 0.0012284448759108575,
            "min": 0.0002683616750687179,
            "max": 0.003787026477671892,
            "count": 742
        },
        "KartAgent.Losses.ValueLoss.sum": {
            "value": 0.00491377950364343,
            "min": 0.0010734467002748715,
            "max": 0.015148105910687567,
            "count": 742
        },
        "KartAgent.Policy.LearningRate.mean": {
            "value": 0.00011060996713003198,
            "min": 0.00011060996713003198,
            "max": 0.000155057532314172,
            "count": 742
        },
        "KartAgent.Policy.LearningRate.sum": {
            "value": 0.0004424398685201279,
            "min": 0.0004424398685201279,
            "max": 0.0007750317556561621,
            "count": 742
        },
        "KartAgent.Policy.Epsilon.mean": {
            "value": 0.136869968,
            "min": 0.136869968,
            "max": 0.151685828,
            "count": 742
        },
        "KartAgent.Policy.Epsilon.sum": {
            "value": 0.547479872,
            "min": 0.455057484,
            "max": 0.758343838,
            "count": 742
        },
        "KartAgent.Policy.Beta.mean": {
            "value": 0.0018498114032000001,
            "min": 0.0018498114032000001,
            "max": 0.0025891228171999996,
            "count": 742
        },
        "KartAgent.Policy.Beta.sum": {
            "value": 0.0073992456128000005,
            "min": 0.0073992456128000005,
            "max": 0.012941357516200002,
            "count": 742
        },
        "KartAgent.IsTraining.mean": {
            "value": 1.0,
            "min": 1.0,
            "max": 1.0,
            "count": 742
        },
        "KartAgent.IsTraining.sum": {
            "value": 1.0,
            "min": 1.0,
            "max": 1.0,
            "count": 742
        },
        "KartAgent.Environment.EpisodeLength.mean": {
            "value": 721.6666666666666,
            "min": 622.3571428571429,
            "max": 916.0,
            "count": 741
        },
        "KartAgent.Environment.EpisodeLength.sum": {
            "value": 10825.0,
            "min": 7593.0,
            "max": 13418.0,
            "count": 741
        },
        "KartAgent.Environment.CumulativeReward.mean": {
            "value": -0.17452390634765227,
            "min": -0.6889881996709543,
            "max": 0.18935707949900202,
            "count": 741
        },
        "KartAgent.Environment.CumulativeReward.sum": {
            "value": -2.617858595214784,
            "min": -8.267858396051452,
            "max": 2.9734272956848145,
            "count": 741
        },
        "KartAgent.Policy.ExtrinsicReward.mean": {
            "value": -0.17452390634765227,
            "min": -0.6889881996709543,
            "max": 0.18935707949900202,
            "count": 741
        },
        "KartAgent.Policy.ExtrinsicReward.sum": {
            "value": -2.617858595214784,
            "min": -8.267858396051452,
            "max": 2.9734272956848145,
            "count": 741
        }
    },
    "metadata": {
        "timer_format_version": "0.1.0",
        "start_time_seconds": "1654253204",
        "python_version": "3.8.10 (tags/v3.8.10:3d8993a, May  3 2021, 11:48:03) [MSC v.1928 64 bit (AMD64)]",
        "command_line_arguments": "D:\\SEMESTER 6\\AKADEMIK\\GAME CERDAS\\TUGAS\\PROJEK FP\\AI-Racing-Karts-main\\venv\\Scripts\\mlagents-learn config_train.yaml --run-id=BiggerTrackWall --resume",
        "mlagents_version": "0.29.0",
        "mlagents_envs_version": "0.29.0",
        "communication_protocol_version": "1.5.0",
        "pytorch_version": "1.11.0+cpu",
        "numpy_version": "1.21.2",
        "end_time_seconds": "1654276460"
    },
    "total": 23255.9088545,
    "count": 1,
    "self": 10.009506300000794,
    "children": {
        "run_training.setup": {
            "total": 0.18920310000000007,
            "count": 1,
            "self": 0.18920310000000007
        },
        "TrainerController.start_learning": {
            "total": 23245.7101451,
            "count": 1,
            "self": 20.191450500744395,
            "children": {
                "TrainerController._reset_env": {
                    "total": 8.660235799999999,
                    "count": 1,
                    "self": 8.660235799999999
                },
                "TrainerController.advance": {
                    "total": 23216.65488329926,
                    "count": 626097,
                    "self": 20.003895399477187,
                    "children": {
                        "env_step": {
                            "total": 12038.388878199801,
                            "count": 626097,
                            "self": 10977.645326801,
                            "children": {
                                "SubprocessEnvManager._take_step": {
                                    "total": 1047.6414278000716,
                                    "count": 626097,
                                    "self": 84.37666209947054,
                                    "children": {
                                        "TorchPolicy.evaluate": {
                                            "total": 963.2647657006011,
                                            "count": 618294,
                                            "self": 168.96963829992137,
                                            "children": {
                                                "TorchPolicy.sample_actions": {
                                                    "total": 794.2951274006797,
                                                    "count": 618294,
                                                    "self": 794.2951274006797
                                                }
                                            }
                                        }
                                    }
                                },
                                "workers": {
                                    "total": 13.102123598730909,
                                    "count": 626096,
                                    "self": 0.0,
                                    "children": {
                                        "worker_root": {
                                            "total": 23205.99534469926,