{
    "name": "root",
    "gauges": {
        "KartAgent.Policy.Entropy.mean": {
            "value": -0.6484566330909729,
            "min": -0.6484566330909729,
            "max": -0.6470876336097717,
            "count": 3
        },
        "KartAgent.Policy.Entropy.sum": {
            "value": -6458.6279296875,
            "min": -6524.8046875,
            "max": -496.9632873535156,
            "count": 3
        },
        "KartAgent.Step.mean": {
            "value": 35209967.0,
            "min": 35189974.0,
            "max": 35209967.0,
            "count": 3
        },
        "KartAgent.Step.sum": {
            "value": 35209967.0,
            "min": 35189974.0,
            "max": 35209967.0,
            "count": 3
        },
        "KartAgent.Policy.ExtrinsicValueEstimate.mean": {
            "value": 0.024479473009705544,
            "min": -0.02631526254117489,
            "max": 0.024479473009705544,
            "count": 3
        },
        "KartAgent.Policy.ExtrinsicValueEstimate.sum": {
            "value": 3.941195011138916,
            "min": -0.18420684337615967,
            "max": 3.941195011138916,
            "count": 3
        },
        "KartAgent.IsTraining.mean": {
            "value": 1.0,
            "min": 1.0,
            "max": 1.0,
            "count": 3
        },
        "KartAgent.IsTraining.sum": {
            "value": 1.0,
            "min": 1.0,
            "max": 1.0,
            "count": 3
        },
        "KartAgent.Losses.PolicyLoss.mean": {
            "value": 0.23437122589481688,
            "min": 0.23437122589481688,
            "max": 0.2376786930135158,
            "count": 2
        },
        "KartAgent.Losses.PolicyLoss.sum": {
            "value": 1.1718561294740844,
            "min": 0.9507147720540632,
            "max": 1.1718561294740844,
            "count": 2
        },
        "KartAgent.Losses.ValueLoss.mean": {
            "value": 0.00042278470417992747,
            "min": 0.00042278470417992747,
            "max": 0.0004656722954358109,
            "count": 2
        },
        "KartAgent.Losses.ValueLoss.sum": {
            "value": 0.0021139235208996374,
            "min": 0.0018626891817432436,
            "max": 0.0021139235208996374,
            "count": 2
        },
        "KartAgent.Policy.LearningRate.mean": {
            "value": 8.87740028086892e-05,
            "min": 8.87740028086892e-05,
            "max": 8.882929339025899e-05,
            "count": 2
        },
        "KartAgent.Policy.LearningRate.sum": {
            "value": 0.00044387001404344595,
            "min": 0.00035531717356103595,
            "max": 0.00044387001404344595,
            "count": 2
        },
        "KartAgent.Policy.Epsilon.mean": {
            "value": 0.1295913108,
            "min": 0.1295913108,
            "max": 0.12960974099999997,
            "count": 2
        },
        "KartAgent.Policy.Epsilon.sum": {
            "value": 0.647956554,
            "min": 0.5184389639999999,
            "max": 0.647956554,
            "count": 2
        },
        "KartAgent.Policy.Beta.mean": {
            "value": 0.0014866064089200002,
            "min": 0.0014866064089200002,
            "max": 0.0014875260759000003,
            "count": 2
        },
        "KartAgent.Policy.Beta.sum": {
            "value": 0.007433032044600001,
            "min": 0.005950104303600001,
            "max": 0.007433032044600001,
            "count": 2
        },
        "KartAgent.Environment.EpisodeLength.mean": {
            "value": 698.5833333333334,
            "min": 698.5833333333334,
            "max": 698.8333333333334,
            "count": 2
        },
        "KartAgent.Environment.EpisodeLength.sum": {
            "value": 8383.0,
            "min": 8383.0,
            "max": 8386.0,
            "count": 2
        },
        "KartAgent.Environment.CumulativeReward.mean": {
            "value": 0.1276070715781922,
            "min": 0.1276070715781922,
            "max": 0.14402373583288863,
            "count": 2
        },
        "KartAgent.Environment.CumulativeReward.sum": {
            "value": 1.5312848589383066,
            "min": 1.5312848589383066,
            "max": 1.7282848299946636,
            "count": 2
        },
        "KartAgent.Policy.ExtrinsicReward.mean": {
            "value": 0.1276070715781922,
            "min": 0.1276070715781922,
            "max": 0.14402373583288863,
            "count": 2
        },
        "KartAgent.Policy.ExtrinsicReward.sum": {
            "value": 1.5312848589383066,
            "min": 1.5312848589383066,
            "max": 1.7282848299946636,
            "count": 2
        }
    },
    "metadata": {
        "timer_format_version": "0.1.0",
        "start_time_seconds": "1654337956",
        "python_version": "3.8.10 (tags/v3.8.10:3d8993a, May  3 2021, 11:48:03) [MSC v.1928 64 bit (AMD64)]",
        "command_line_arguments": "D:\\SEMESTER 6\\AKADEMIK\\GAME CERDAS\\TUGAS\\PROJEK FP\\AI-Racing-Karts-main\\venv\\Scripts\\mlagents-learn config_train.yaml --run-id=BiggerTrackWall --resume",
        "mlagents_version": "0.29.0",
        "mlagents_envs_version": "0.29.0",
        "communication_protocol_version": "1.5.0",
        "pytorch_version": "1.11.0+cpu",
        "numpy_version": "1.21.2",
        "end_time_seconds": "1654338133"
    },
    "total": 176.9039974,
    "count": 1,
    "self": 0.008472000000011803,
    "children": {
        "run_training.setup": {
            "total": 0.18986100000000006,
            "count": 1,
            "self": 0.18986100000000006
        },
        "TrainerController.start_learning": {
            "total": 176.7056644,
            "count": 1,
            "self": 0.06974960000022179,
            "children": {
                "TrainerController._reset_env": {
                    "total": 28.740727800000002,
                    "count": 1,
                    "self": 28.740727800000002
                },
                "TrainerController.advance": {
                    "total": 147.67692329999977,
                    "count": 2468,
                    "self": 0.06474950000034596,
                    "children": {
                        "env_step": {
                            "total": 109.9400113999995,
                            "count": 2468,
                            "self": 106.05793789999969,
                            "children": {
                                "SubprocessEnvManager._take_step": {
                                    "total": 3.835329400000237,
                                    "count": 2468,
                                    "self": 0.2993185000003038,
                                    "children": {
                                        "TorchPolicy.evaluate": {
                                            "total": 3.5360108999999333,
                                            "count": 2441,
                                            "self": 0.6507328000003554,
                                            "children": {
                                                "TorchPolicy.sample_actions": {
                                                    "total": 2.885278099999578,
                                                    "count": 2441,
                                                    "self": 2.885278099999578
                                                }
                                            }
                                        }
                                    }
                                },
                                "workers": {
                                    "total": 0.04674409999958584,
                                    "count": 2467,
                                    "self": 0.0,
                                    "children": {
                                        "worker_root": {
                                            "total": 85.85874579999982,
                                            "count": 2467,