{
    "name": "root",
    "gauges": {
        "KartAgent.Policy.Entropy.mean": {
            "value": -0.7815199494361877,
            "min": -0.7815199494361877,
            "max": -0.7815199494361877,
            "count": 1
        },
        "KartAgent.Policy.Entropy.sum": {
            "value": -1800.6219482421875,
            "min": -1800.6219482421875,
            "max": -1800.6219482421875,
            "count": 1
        },
        "KartAgent.Step.mean": {
            "value": 40369967.0,
            "min": 40369967.0,
            "max": 40369967.0,
            "count": 1
        },
        "KartAgent.Step.sum": {
            "value": 40369967.0,
            "min": 40369967.0,
            "max": 40369967.0,
            "count": 1
        },
        "KartAgent.Policy.ExtrinsicValueEstimate.mean": {
            "value": -0.023384850472211838,
            "min": -0.023384850472211838,
            "max": -0.023384850472211838,
            "count": 1
        },
        "KartAgent.Policy.ExtrinsicValueEstimate.sum": {
            "value": -0.7483152151107788,
            "min": -0.7483152151107788,
            "max": -0.7483152151107788,
            "count": 1
        },
        "KartAgent.IsTraining.mean": {
            "value": 1.0,
            "min": 1.0,
            "max": 1.0,
            "count": 1
        },
        "KartAgent.IsTraining.sum": {
            "value": 1.0,
            "min": 1.0,
            "max": 1.0,
            "count": 1
        }
    },
    "metadata": {
        "timer_format_version": "0.1.0",
        "start_time_seconds": "1654358072",
        "python_version": "3.8.10 (tags/v3.8.10:3d8993a, May  3 2021, 11:48:03) [MSC v.1928 64 bit (AMD64)]",
        "command_line_arguments": "D:\\SEMESTER 6\\AKADEMIK\\GAME CERDAS\\TUGAS\\PROJEK FP\\AI-Racing-Karts-main\\venv\\Scripts\\mlagents-learn config_train.yaml --run-id=BiggerTrackWall --resume",
        "mlagents_version": "0.29.0",
        "mlagents_envs_version": "0.29.0",
        "communication_protocol_version": "1.5.0",
        "pytorch_version": "1.11.0+cpu",
        "numpy_version": "1.21.2",
        "end_time_seconds": "1654358183"
    },
    "total": 110.9757066,
    "count": 1,
    "self": 0.036048600000000874,
    "children": {
        "run_training.setup": {
            "total": 0.3182031000000003,
            "count": 1,
            "self": 0.3182031000000003
        },
        "TrainerController.start_learning": {
            "total": 110.62145489999999,
            "count": 1,
            "self": 0.028693699999891464,
            "children": {
                "TrainerController._reset_env": {
                    "total": 5.657243300000001,
                    "count": 1,
                    "self": 5.657243300000001
                },
                "TrainerController.advance": {
                    "total": 103.60283710000009,
                    "count": 961,
                    "self": 0.027363000000107718,
                    "children": {
                        "env_step": {
                            "total": 85.09269359999996,
                            "count": 961,
                            "self": 82.97609959999997,
                            "children": {
                                "SubprocessEnvManager._take_step": {
                                    "total": 2.0982528000000222,
                                    "count": 961,
                                    "self": 0.12559750000015946,
                                    "children": {
                                        "TorchPolicy.evaluate": {
                                            "total": 1.9726552999998628,
                                            "count": 961,
                                            "self": 0.28254999999989217,
                                            "children": {
                                                "TorchPolicy.sample_actions": {
                                                    "total": 1.6901052999999706,
                                                    "count": 961,
                                                    "self": 1.6901052999999706
                                                }
                                            }
                                        }
                                    }
                                },
                                "workers": {
                                    "total": 0.018341199999973412,
                                    "count": 960,
                                    "self": 0.0,
                                    "children": {
                                        "worker_root": {
                                            "total": 37.51631970000005,
                                            "count": 960,
                                            "is_parallel": true,
                                            "self": 18.937609700000067,
                                            "children": {
                                                "steps_from_proto": {
                                                    "total": 0.07759850000000057,
                                                    "count": 1,
                                                    "is_parallel": true,
                                                    "self": 0.0002552000000006771,
                                                    "children": {
                                                        "_process_rank_one_or_two_observation": {
                                                            "total": 0.07734329999999989,
                                                            "count": 4,
                                                            "is_parallel": true,
                                                            "self": 0.07734329999999989
                                                        }
                                                    }
                                                },
                                                "UnityEnvironment.step": {
                                                    "total": 18.50111149999998,
                                                    "count": 960,
                                                    "is_parallel": true,
                                                    "self": 0.27426699999997695,
                                                    "children": {
                                                        "UnityEnvironment._generate_step_input": {
                                                            "total": 0.3547377000000118,
                                                            "count": 960,
                                                            "is_parallel": true,
                                                            "self": 0.3547377000000118
                                                        },
                                                        "communicator.exchange": {
                                                            "total": 17.245582599999956,
                                                            "count": 960,
                                                            "is_parallel": true,
                                                            "self": 17.245582599999956
                                                        },
                                                        "steps_from_proto": {
                                                            "total": 0.6265242000000351,
                                                            "count": 960,
                                                            "is_parallel": true,
                                                            "self": 0.2077159000001254,