{
    "name": "root",
    "gauges": {
        "KartAgent.Policy.Entropy.mean": {
            "value": -0.633641242980957,
            "min": -0.6342518925666809,
            "max": -0.5772829055786133,
            "count": 255
        },
        "KartAgent.Policy.Entropy.sum": {
            "value": -6409.91455078125,
            "min": -6414.544921875,
            "max": -5578.09423828125,
            "count": 255
        },
        "KartAgent.Step.mean": {
            "value": 34289997.0,
            "min": 31749977.0,
            "max": 34289997.0,
            "count": 255
        },
        "KartAgent.Step.sum": {
            "value": 34289997.0,
            "min": 31749977.0,
            "max": 34289997.0,
            "count": 255
        },
        "KartAgent.Policy.ExtrinsicValueEstimate.mean": {
            "value": 0.015766166150569916,
            "min": -0.08296306431293488,
            "max": 0.04818686842918396,
            "count": 255
        },
        "KartAgent.Policy.ExtrinsicValueEstimate.sum": {
            "value": 2.569885015487671,
            "min": -13.19112777709961,
            "max": 7.950833320617676,
            "count": 255
        },
        "KartAgent.Losses.PolicyLoss.mean": {
            "value": 0.2608648368826264,
            "min": 0.1811663902073633,
            "max": 0.303708961129693,
            "count": 255
        },
        "KartAgent.Losses.PolicyLoss.sum": {
            "value": 1.304324184413132,
            "min": 0.7870525792144084,
            "max": 1.518544805648465,
            "count": 255
        },
        "KartAgent.Losses.ValueLoss.mean": {
            "value": 0.0005713287300295633,
            "min": 0.00031940446300874703,
            "max": 0.004561158527303632,
            "count": 255
        },
        "KartAgent.Losses.ValueLoss.sum": {
            "value": 0.0028566436501478165,
            "min": 0.0014946828309424138,
            "max": 0.02280579263651816,
            "count": 255
        },
        "KartAgent.Policy.LearningRate.mean": {
            "value": 9.429145096953917e-05,
            "min": 9.429145096953917e-05,
            "max": 0.00010952130349291997,
            "count": 255
        },
        "KartAgent.Policy.LearningRate.sum": {
            "value": 0.0004714572548476959,
            "min": 0.00037932017756003194,
            "max": 0.000547323989558776,
            "count": 255
        },
        "KartAgent.Policy.Epsilon.mean": {
            "value": 0.1314304608,
            "min": 0.1314304608,
            "max": 0.13650708,
            "count": 255
        },
        "KartAgent.Policy.Epsilon.sum": {
            "value": 0.657152304,
            "min": 0.526439968,
            "max": 0.6824412240000001,
            "count": 255
        },
        "KartAgent.Policy.Beta.mean": {
            "value": 0.00157837999392,
            "min": 0.00157837999392,
            "max": 0.0018317032920000006,
            "count": 255
        },
        "KartAgent.Policy.Beta.sum": {
            "value": 0.0078918999696,
            "min": 0.0063493544032,
            "max": 0.009153817077600001,
            "count": 255
        },
        "KartAgent.Environment.EpisodeLength.mean": {
            "value": 680.5833333333334,
            "min": 656.0666666666667,
            "max": 760.8333333333334,
            "count": 255
        },
        "KartAgent.Environment.EpisodeLength.sum": {
            "value": 8167.0,
            "min": 6571.0,
            "max": 13842.0,
            "count": 255
        },
        "KartAgent.Environment.CumulativeReward.mean": {
            "value": 0.1206070642801933,
            "min": -0.7397382179818427,
            "max": 0.16810707274999004,
            "count": 255
        },
        "KartAgent.Environment.CumulativeReward.sum": {
            "value": 1.4472847713623196,
            "min": -10.543001622892916,
            "max": 2.6897131639998406,
            "count": 255
        },
        "KartAgent.Policy.ExtrinsicReward.mean": {
            "value": 0.1206070642801933,
            "min": -0.7397382179818427,
            "max": 0.16810707274999004,
            "count": 255
        },
        "KartAgent.Policy.ExtrinsicReward.sum": {
            "value": 1.4472847713623196,
            "min": -10.543001622892916,
            "max": 2.6897131639998406,
            "count": 255
        },
        "KartAgent.IsTraining.mean": {
            "value": 1.0,
            "min": 1.0,
            "max": 1.0,
            "count": 255
        },
        "KartAgent.IsTraining.sum": {
            "value": 1.0,
            "min": 1.0,
            "max": 1.0,
            "count": 255
        }
    },
    "metadata": {
        "timer_format_version": "0.1.0",
        "start_time_seconds": "1654279319",
        "python_version": "3.8.10 (tags/v3.8.10:3d8993a, May  3 2021, 11:48:03) [MSC v.1928 64 bit (AMD64)]",
        "command_line_arguments": "D:\\SEMESTER 6\\AKADEMIK\\GAME CERDAS\\TUGAS\\PROJEK FP\\AI-Racing-Karts-main\\venv\\Scripts\\mlagents-learn config_train.yaml --run-id=BiggerTrackWall --resume",
        "mlagents_version": "0.29.0",
        "mlagents_envs_version": "0.29.0",
        "communication_protocol_version": "1.5.0",
        "pytorch_version": "1.11.0+cpu",
        "numpy_version": "1.21.2",
        "end_time_seconds": "1654286520"
    },
    "total": 7200.6850257999995,
    "count": 1,
    "self": 0.007696300000134215,
    "children": {
        "run_training.setup": {
            "total": 0.26436590000000004,
            "count": 1,
            "self": 0.26436590000000004
        },
        "TrainerController.start_learning": {
            "total": 7200.4129636,
            "count": 1,
            "self": 6.827556299925163,
            "children": {
                "TrainerController._reset_env": {
                    "total": 8.1525254,
                    "count": 1,
                    "self": 8.1525254
                },
                "TrainerController.advance": {
                    "total": 7185.263765200075,
                    "count": 215617,
                    "self": 6.363492799837331,
                    "children": {
                        "env_step": {
                            "total": 3490.9158775001315,
                            "count": 215617,
                            "self": 3135.282000300261,
                            "children": {
                                "SubprocessEnvManager._take_step": {
                                    "total": 351.1041327000444,
                                    "count": 215617,
                                    "self": 29.028017599767566,
                                    "children": {
                                        "TorchPolicy.evaluate": {
                                            "total": 322.0761151002768,
                                            "count": 212617,
                                            "self": 57.50788140039225,
                                            "children": {
                                                "TorchPolicy.sample_actions": {
                                                    "total": 264.56823369988456,
                                                    "count": 212617,
                                                    "self": 264.56823369988456
                                                }
                                            }
                                        }
                                    }
                                },
                                "workers": {
                                    "total": 4.529744499826037,
                                    "count": 215616,
                                    "self": 0.0,
                                    "children": {
                                        "worker_root": {
                                            "total": 7176.963526000092,