{
    "name": "root",
    "gauges": {
        "KartAgent.Policy.Entropy.mean": {
            "value": -0.580188512802124,
            "min": -0.5844279527664185,
            "max": -0.580188512802124,
            "count": 13
        },
        "KartAgent.Policy.Entropy.sum": {
            "value": -5855.26220703125,
            "min": -5920.99072265625,
            "max": -4465.025390625,
            "count": 13
        },
        "KartAgent.Step.mean": {
            "value": 31739976.0,
            "min": 31619951.0,
            "max": 31739976.0,
            "count": 13
        },
        "KartAgent.Step.sum": {
            "value": 31739976.0,
            "min": 31619951.0,
            "max": 31739976.0,
            "count": 13
        },
        "KartAgent.Policy.ExtrinsicValueEstimate.mean": {
            "value": -0.032438989728689194,
            "min": -0.1274896115064621,
            "max": 0.009868232533335686,
            "count": 13
        },
        "KartAgent.Policy.ExtrinsicValueEstimate.sum": {
            "value": -5.28755521774292,
            "min": -13.896367073059082,
            "max": 1.6085219383239746,
            "count": 13
        },
        "KartAgent.Losses.PolicyLoss.mean": {
            "value": 0.22263387160395115,
            "min": 0.22263387160395115,
            "max": 0.2863485283072805,
            "count": 13
        },
        "KartAgent.Losses.PolicyLoss.sum": {
            "value": 0.8905354864158046,
            "min": 0.6863463855848682,
            "max": 1.4317426415364025,
            "count": 13
        },
        "KartAgent.Losses.ValueLoss.mean": {
            "value": 0.002019140306818675,
            "min": 0.0009442233922190671,
            "max": 0.002373751480657423,
            "count": 13
        },
        "KartAgent.Losses.ValueLoss.sum": {
            "value": 0.0080765612272747,
            "min": 0.0028326701766572013,
            "max": 0.011868757403287114,
            "count": 13
        },
        "KartAgent.Policy.LearningRate.mean": {
            "value": 0.000109590168469965,
            "min": 0.000109590168469965,
            "max": 0.00011029456523516604,
            "count": 13
        },
        "KartAgent.Policy.LearningRate.sum": {
            "value": 0.00043836067387986,
            "min": 0.0003308836957054981,
            "max": 0.000550974712341868,
            "count": 13
        },
        "KartAgent.Policy.Epsilon.mean": {
            "value": 0.13653003500000002,
            "min": 0.13653003500000002,
            "max": 0.13676483400000006,
            "count": 13
        },
        "KartAgent.Policy.Epsilon.sum": {
            "value": 0.5461201400000001,
            "min": 0.41029450200000017,
            "max": 0.6836581320000001,
            "count": 13
        },
        "KartAgent.Policy.Beta.mean": {
            "value": 0.0018328487465000003,
            "min": 0.0018328487465000003,
            "max": 0.0018445652165999995,
            "count": 13
        },
        "KartAgent.Policy.Beta.sum": {
            "value": 0.007331394986000001,
            "min": 0.0055336956497999985,
            "max": 0.0092145407868,
            "count": 13
        },
        "KartAgent.IsTraining.mean": {
            "value": 1.0,
            "min": 1.0,
            "max": 1.0,
            "count": 13
        },
        "KartAgent.IsTraining.sum": {
            "value": 1.0,
            "min": 1.0,
            "max": 1.0,
            "count": 13
        },
        "KartAgent.Environment.EpisodeLength.mean": {
            "value": 765.7857142857143,
            "min": 725.8333333333334,
            "max": 792.9411764705883,
            "count": 12
        },
        "KartAgent.Environment.EpisodeLength.sum": {
            "value": 10721.0,
            "min": 8224.0,
            "max": 13480.0,
            "count": 12
        },
        "KartAgent.Environment.CumulativeReward.mean": {
            "value": -0.5208878575691155,
            "min": -0.6105983196903253,
            "max": 0.0003570580738596618,
            "count": 12
        },
        "KartAgent.Environment.CumulativeReward.sum": {
            "value": -7.292430005967617,
            "min": -9.769573115045205,
            "max": 0.004284696886315942,
            "count": 12
        },
        "KartAgent.Policy.ExtrinsicReward.mean": {
            "value": -0.5208878575691155,
            "min": -0.6105983196903253,
            "max": 0.0003570580738596618,
            "count": 12
        },
        "KartAgent.Policy.ExtrinsicReward.sum": {
            "value": -7.292430005967617,
            "min": -9.769573115045205,
            "max": 0.004284696886315942,
            "count": 12
        }
    },
    "metadata": {
        "timer_format_version": "0.1.0",
        "start_time_seconds": "1654278710",
        "python_version": "3.8.10 (tags/v3.8.10:3d8993a, May  3 2021, 11:48:03) [MSC v.1928 64 bit (AMD64)]",
        "command_line_arguments": "D:\\SEMESTER 6\\AKADEMIK\\GAME CERDAS\\TUGAS\\PROJEK FP\\AI-Racing-Karts-main\\venv\\Scripts\\mlagents-learn config_train.yaml --run-id=BiggerTrackWall --resume",
        "mlagents_version": "0.29.0",
        "mlagents_envs_version": "0.29.0",
        "communication_protocol_version": "1.5.0",
        "pytorch_version": "1.11.0+cpu",
        "numpy_version": "1.21.2",
        "end_time_seconds": "1654279135"
    },
    "total": 425.1966712,
    "count": 1,
    "self": 0.0080136000000266,
    "children": {
        "run_training.setup": {
            "total": 0.21226199999999995,
            "count": 1,
            "self": 0.21226199999999995
        },
        "TrainerController.start_learning": {
            "total": 424.9763956,
            "count": 1,
            "self": 0.39768539999903396,
            "children": {
                "TrainerController._reset_env": {
                    "total": 7.1309698,
                    "count": 1,
                    "self": 7.1309698
                },
                "TrainerController.advance": {
                    "total": 417.106085600001,
                    "count": 10819,
                    "self": 0.3778835000017011,
                    "children": {
                        "env_step": {
                            "total": 206.83575149999993,
                            "count": 10819,
                            "self": 186.49159790000292,
                            "children": {
                                "SubprocessEnvManager._take_step": {
                                    "total": 20.104852899997688,
                                    "count": 10819,
                                    "self": 1.6421639000012078,
                                    "children": {
                                        "TorchPolicy.evaluate": {
                                            "total": 18.46268899999648,
                                            "count": 10684,
                                            "self": 3.3869070999989166,
                                            "children": {
                                                "TorchPolicy.sample_actions": {
                                                    "total": 15.075781899997564,
                                                    "count": 10684,
                                                    "self": 15.075781899997564
                                                }
                                            }
                                        }
                                    }
                                },
                                "workers": {
                                    "total": 0.23930069999933323,
                                    "count": 10818,
                                    "self": 0.0,
                                    "children": {
                                        "worker_root": {
                                            "total": 412.44702610000036,