{"count":1,"self":1733.2713471999998,"total":7187.8195163,"children":{"InitializeActuators":{"count":12,"self":0.0039927999999999995,"total":0.0039927999999999995,"children":null},"InitializeSensors":{"count":12,"self":0.0059859,"total":0.0059859,"children":null},"AgentSendState":{"count":1063101,"self":138.50282239999999,"total":187.9511147,"children":{"CollectObservations":{"count":2551452,"self":9.0798303999999987,"total":9.07983,"children":null},"WriteActionMask":{"count":2551452,"self":1.4169167999999999,"total":1.4169167999999999,"children":null},"RequestDecision":{"count":2551452,"self":7.6689408,"total":38.9515461,"children":{"AgentInfo.ToProto":{"count":2551452,"self":6.1205948,"total":31.2826052,"children":{"GenerateSensorData":{"count":2551452,"self":21.825332799999998,"total":25.1620104,"children":{"RayPerceptionSensor.Perceive":{"count":2551452,"self":3.336678,"total":3.336678,"children":null}}}}}}}}},"DecideAction":{"count":1063101,"self":5249.3664256,"total":5249.3665095999995,"children":null},"AgentAct":{"count":1063101,"self":17.0824704,"total":17.0824699,"children":null},"AgentInfo.ToProto":{"count":3689,"self":0.03601,"total":0.1360264,"children":{"GenerateSensorData":{"count":3689,"self":0.081015099999999993,"total":0.10001639999999999,"children":{"RayPerceptionSensor.Perceive":{"count":3689,"self":0.0190013,"total":0.0190013,"children":null}}}}}},"gauges":{"KartAgent.CumulativeReward":{"count":3689,"max":0.363856673,"min":-3.90027618,"runningAverage":-0.05129158,"value":0.07285963,"weightedAverage":0.09092211}},"metadata":{"timer_format_version":"0.1.0","start_time_seconds":"1654279327","unity_version":"2021.3.2f1","command_line_arguments":"D:\\Unity\\2021.3.2f1\\Editor\\Unity.exe -projectpath D:\\SEMESTER 6\\AKADEMIK\\GAME CERDAS\\TUGAS\\PROJEK FP\\AI-Racing-Karts-main -useHub -hubIPC -cloudEnvironment production -licensingIpc LicenseClient-Asus -hubSessionId 6df0f8e0-e251-11ec-acaa-0bb462a808b6 -accessToken d95WQaA2nAxyqGgrnkWak3rHAEYEOestCndabDJ5y9w011f","communication_protocol_version":"1.5.0","com.unity.ml-agents_version":"2.0.0","scene_name":"NewTrack Bigger","end_time_seconds":"1654286514"}}