{
    "name": "root",
    "gauges": {
        "KartAgent.Policy.Entropy.mean": {
            "value": 1.4254491329193115,
            "min": 1.4076257944107056,
            "max": 1.4275299310684204,
            "count": 17
        },
        "KartAgent.Policy.Entropy.sum": {
            "value": 14402.73828125,
            "min": 13900.7236328125,
            "max": 14885.87890625,
            "count": 17
        },
        "KartAgent.Step.mean": {
            "value": 169982.0,
            "min": 9941.0,
            "max": 169982.0,
            "count": 17
        },
        "KartAgent.Step.sum": {
            "value": 169982.0,
            "min": 9941.0,
            "max": 169982.0,
            "count": 17
        },
        "KartAgent.Policy.ExtrinsicValueEstimate.mean": {
            "value": -0.36194851994514465,
            "min": -0.43871939182281494,
            "max": -0.05714237317442894,
            "count": 17
        },
        "KartAgent.Policy.ExtrinsicValueEstimate.sum": {
            "value": -62.617095947265625,
            "min": -73.98739624023438,
            "max": -9.371349334716797,
            "count": 17
        },
        "KartAgent.Losses.PolicyLoss.mean": {
            "value": 0.43725288351815117,
            "min": 0.3157221347111844,
            "max": 0.44816635359710943,
            "count": 17
        },
        "KartAgent.Losses.PolicyLoss.sum": {
            "value": 2.1862644175907557,
            "min": 1.546497510689689,
            "max": 2.412997892030284,
            "count": 17
        },
        "KartAgent.Losses.ValueLoss.mean": {
            "value": 0.01473177651627624,
            "min": 0.006660565996603381,
            "max": 0.022640732845904735,
            "count": 17
        },
        "KartAgent.Losses.ValueLoss.sum": {
            "value": 0.0736588825813812,
            "min": 0.0333028299830169,
            "max": 0.09056293138361894,
            "count": 17
        },
        "KartAgent.Policy.LearningRate.mean": {
            "value": 0.0002990095371301543,
            "min": 0.0002990095371301543,
            "max": 0.0002999676825107725,
            "count": 17
        },
        "KartAgent.Policy.LearningRate.sum": {
            "value": 0.0014950476856507716,
            "min": 0.00119987073004309,
            "max": 0.0017987363344212218,
            "count": 17
        },
        "KartAgent.Policy.Epsilon.mean": {
            "value": 0.1996698456,
            "min": 0.1996698456,
            "max": 0.19998922750000003,
            "count": 17
        },
        "KartAgent.Policy.Epsilon.sum": {
            "value": 0.998349228,
            "min": 0.7999569100000001,
            "max": 1.199578778,
            "count": 17
        },
        "KartAgent.Policy.Beta.mean": {
            "value": 0.00498352529544,
            "min": 0.00498352529544,
            "max": 0.00499946245225,
            "count": 17
        },
        "KartAgent.Policy.Beta.sum": {
            "value": 0.024917626477199997,
            "min": 0.019997849809,
            "max": 0.029978981022199997,
            "count": 17
        },
        "KartAgent.Environment.EpisodeLength.mean": {
            "value": 540.4545454545455,
            "min": 452.3333333333333,
            "max": 681.4705882352941,
            "count": 17
        },
        "KartAgent.Environment.EpisodeLength.sum": {
            "value": 11890.0,
            "min": 5897.0,
            "max": 12287.0,
            "count": 17
        },
        "KartAgent.Environment.CumulativeReward.mean": {
            "value": -2.0933925184336575,
            "min": -3.014257768401876,
            "max": -2.0933925184336575,
            "count": 17
        },
        "KartAgent.Environment.CumulativeReward.sum": {
            "value": -46.054635405540466,
            "min": -63.197977405041456,
            "max": -34.281148094683886,
            "count": 17
        },
        "KartAgent.Policy.ExtrinsicReward.mean": {
            "value": -2.0933925184336575,
            "min": -3.014257768401876,
            "max": -2.0933925184336575,
            "count": 17
        },
        "KartAgent.Policy.ExtrinsicReward.sum": {
            "value": -46.054635405540466,
            "min": -63.197977405041456,
            "max": -34.281148094683886,
            "count": 17
        },
        "KartAgent.IsTraining.mean": {
            "value": 1.0,
            "min": 1.0,
            "max": 1.0,
            "count": 17
        },
        "KartAgent.IsTraining.sum": {
            "value": 1.0,
            "min": 1.0,
            "max": 1.0,
            "count": 17
        }
    },
    "metadata": {
        "timer_format_version": "0.1.0",
        "start_time_seconds": "1653741022",
        "python_version": "3.8.10 (tags/v3.8.10:3d8993a, May  3 2021, 11:48:03) [MSC v.1928 64 bit (AMD64)]",
        "command_line_arguments": "D:\\SEMESTER 6\\AKADEMIK\\GAME CERDAS\\TUGAS\\PROJEK FP\\AI-Racing-Karts-main\\venv\\Scripts\\mlagents-learn config_train.yaml --run-id=tes2 --force",
        "mlagents_version": "0.29.0",
        "mlagents_envs_version": "0.29.0",
        "communication_protocol_version": "1.5.0",
        "pytorch_version": "1.11.0+cpu",
        "numpy_version": "1.21.2",
        "end_time_seconds": "1653741550"
    },
    "total": 528.0465624,
    "count": 1,
    "self": 0.008162599999991471,
    "children": {
        "run_training.setup": {
            "total": 0.20580529999999997,
            "count": 1,
            "self": 0.20580529999999997
        },
        "TrainerController.start_learning": {
            "total": 527.8325945,
            "count": 1,
            "self": 0.44152619999817944,
            "children": {
                "TrainerController._reset_env": {
                    "total": 7.4868989,
                    "count": 1,
                    "self": 7.4868989
                },
                "TrainerController.advance": {
                    "total": 519.6988699000019,
                    "count": 14894,
                    "self": 0.3841395999972974,
                    "children": {
                        "env_step": {
                            "total": 266.85442840000235,
                            "count": 14894,
                            "self": 243.6220342000042,
                            "children": {
                                "SubprocessEnvManager._take_step": {
                                    "total": 22.94448830000136,
                                    "count": 14895,
                                    "self": 1.812361500002261,
                                    "children": {
                                        "TorchPolicy.evaluate": {
                                            "total": 21.1321267999991,
                                            "count": 14615,
                                            "self": 3.8573037000011468,
                                            "children": {
                                                "TorchPolicy.sample_actions": {
                                                    "total": 17.274823099997953,
                                                    "count": 14615,
                                                    "self": 17.274823099997953
                                                }
                                            }
                                        }
                                    }
                                },
                                "workers": {
                                    "total": 0.28790589999677074,
                                    "count": 14893,
                                    "self": 0.0,
                                    "children": {
                                        "worker_root": {
                                            "total": 458.5932071999984,
                                            "count": 14893,